img_num,number_of_houses
000000000611.jpg,9
000000000530.jpg,10
000000002787.jpg,10
000000000049.jpg,2
000000001883.jpg,9
000000001011.jpg,3
000000000858.jpg,11
000000001017.jpg,2
000000000048.jpg,12
000000000719.jpg,6
000000002390.jpg,16
000000002652.jpg,2
000000002246.jpg,10
000000001159.jpg,17
000000000632.jpg,1
000000001338.jpg,15
000000002127.jpg,1
000000002602.jpg,10
000000001436.jpg,4
000000000025.jpg,7
000000002965.jpg,10
000000000219.jpg,4
000000002818.jpg,10
000000000276.jpg,1
000000002157.jpg,15
000000001480.jpg,8
000000001235.jpg,8
000000001593.jpg,15
000000000999.jpg,6
000000002140.jpg,1
000000000361.jpg,21
000000001457.jpg,17
000000001993.jpg,15
000000001671.jpg,4
000000002334.jpg,12
000000001650.jpg,4
000000001835.jpg,3
000000001114.jpg,1
000000001846.jpg,14
000000001317.jpg,11
000000002629.jpg,11
000000000297.jpg,13
000000001313.jpg,4
000000000937.jpg,14
000000000240.jpg,15
000000001432.jpg,12
000000000582.jpg,12
000000002906.jpg,5
000000001954.jpg,14
000000001334.jpg,12
000000001729.jpg,16
000000001672.jpg,15
000000000350.jpg,12
000000002745.jpg,5
000000001220.jpg,16
000000000349.jpg,16
000000001518.jpg,14
000000002547.jpg,5
000000000643.jpg,1
000000002835.jpg,11
000000000944.jpg,11
000000001462.jpg,4
000000000657.jpg,10
000000002702.jpg,13
000000002893.jpg,6
000000001236.jpg,13
000000002467.jpg,4
000000000647.jpg,10
000000001125.jpg,11
000000001110.jpg,3
000000002650.jpg,1
000000001940.jpg,13
000000000538.jpg,2
000000001048.jpg,7
000000002983.jpg,6
000000002375.jpg,16
000000002209.jpg,5
000000002338.jpg,11
000000002162.jpg,1
000000000801.jpg,12
000000000786.jpg,11
000000002694.jpg,5
000000002040.jpg,18
000000000788.jpg,5
000000002183.jpg,1
000000002468.jpg,12
000000002013.jpg,22
000000000714.jpg,8
000000000803.jpg,7
000000002008.jpg,1
000000002761.jpg,8
000000000123.jpg,15
000000001808.jpg,1
000000002286.jpg,1
000000002147.jpg,1
000000000618.jpg,15
000000000406.jpg,9
000000001157.jpg,4
000000001068.jpg,7
000000001133.jpg,1
000000002905.jpg,1
000000000497.jpg,6
000000001061.jpg,4
000000000325.jpg,12
000000000342.jpg,22
000000002356.jpg,4
000000002266.jpg,20
000000000782.jpg,2
000000002367.jpg,7
000000000299.jpg,12
000000001461.jpg,1
000000002373.jpg,5
000000000303.jpg,2
000000001237.jpg,9
000000002571.jpg,7
000000001656.jpg,5
000000000664.jpg,15
000000001690.jpg,15
000000000220.jpg,2
000000001626.jpg,8
000000001188.jpg,11
000000001455.jpg,12
000000000449.jpg,5
000000002002.jpg,1
000000002616.jpg,12
000000000084.jpg,21
000000000941.jpg,4
000000000961.jpg,13
000000000841.jpg,10
000000001326.jpg,20
000000002378.jpg,1
000000002430.jpg,15
000000001373.jpg,3
000000000290.jpg,3
000000001867.jpg,3
000000001554.jpg,4
000000000604.jpg,2
000000002032.jpg,22
000000000916.jpg,1
000000002632.jpg,4
000000002337.jpg,4
000000002098.jpg,1
000000002437.jpg,18
000000000821.jpg,3
000000002469.jpg,10
000000001000.jpg,13
000000001703.jpg,8
000000000018.jpg,1
000000001777.jpg,6
000000001208.jpg,7
000000002560.jpg,14
000000001936.jpg,1
000000001718.jpg,7
000000001427.jpg,4
000000002241.jpg,4
000000002310.jpg,11
000000001357.jpg,4
000000002057.jpg,8
000000000360.jpg,14
000000002270.jpg,21
000000002084.jpg,4
000000001564.jpg,15
000000000344.jpg,4
000000000986.jpg,9
000000001260.jpg,9
000000001713.jpg,2
000000001720.jpg,7
000000002646.jpg,13
000000002886.jpg,2
000000001575.jpg,2
000000000085.jpg,6
000000002063.jpg,2
000000000668.jpg,1
000000001014.jpg,13
000000000128.jpg,13
000000001873.jpg,10
000000001146.jpg,2
000000000891.jpg,15
000000002471.jpg,1
000000000307.jpg,6
000000000383.jpg,9
000000001833.jpg,3
000000001127.jpg,17
000000000426.jpg,6
000000000494.jpg,7
000000001565.jpg,9
000000002791.jpg,5
000000002611.jpg,2
000000001251.jpg,1
000000001295.jpg,13
000000000275.jpg,1
000000000489.jpg,9
000000001957.jpg,19
000000000690.jpg,9
000000002051.jpg,5
000000002238.jpg,1
000000001242.jpg,11
000000002673.jpg,5
000000002079.jpg,1
000000001058.jpg,3
000000000118.jpg,1
000000001995.jpg,7
000000002285.jpg,4
000000000281.jpg,9
000000002807.jpg,6
000000002335.jpg,14
000000002762.jpg,14
000000002945.jpg,2
000000001179.jpg,19
000000001602.jpg,10
000000002116.jpg,21
000000000304.jpg,3
000000001844.jpg,14
000000001356.jpg,5
000000002436.jpg,1
000000000575.jpg,6
000000001871.jpg,9
000000002845.jpg,15
000000002623.jpg,12
000000001417.jpg,14
000000001795.jpg,3
000000000843.jpg,9
000000002812.jpg,14
000000000269.jpg,1
000000000629.jpg,14
000000001033.jpg,6
000000000286.jpg,6
000000002211.jpg,6
000000000300.jpg,14
000000001510.jpg,4
000000001811.jpg,8
000000000065.jpg,11
000000002397.jpg,12
000000000890.jpg,1
000000001767.jpg,8
000000001731.jpg,13
000000001376.jpg,3
000000000230.jpg,10
000000000503.jpg,11
000000002459.jpg,7
000000001350.jpg,14
000000001444.jpg,19
000000002551.jpg,2
000000001004.jpg,16
000000000836.jpg,7
000000001588.jpg,9
000000000374.jpg,12
000000001352.jpg,10
000000002110.jpg,10
000000001786.jpg,6
000000001803.jpg,2
000000002071.jpg,6
000000000751.jpg,6
000000000099.jpg,19
000000001723.jpg,1
000000000866.jpg,9
000000000910.jpg,2
000000002009.jpg,2
000000000529.jpg,10
000000000636.jpg,3
000000000185.jpg,1
000000001187.jpg,2
000000001971.jpg,1
000000000931.jpg,8
000000001381.jpg,3
000000002295.jpg,10
000000002382.jpg,12
000000002401.jpg,1
000000001999.jpg,3
000000000607.jpg,2
000000002896.jpg,14
000000000151.jpg,14
000000001283.jpg,7
000000002262.jpg,2
000000000731.jpg,9
000000001337.jpg,9
000000001598.jpg,7
000000002840.jpg,12
000000000023.jpg,11
000000002857.jpg,1
000000000158.jpg,10
000000000861.jpg,16
000000000902.jpg,3
000000002655.jpg,18
000000002937.jpg,2
000000000444.jpg,4
000000002938.jpg,6
000000000754.jpg,13
000000000923.jpg,10
000000002970.jpg,8
000000002102.jpg,8
000000000311.jpg,10
000000000548.jpg,20
000000001945.jpg,17
000000001456.jpg,3
000000000306.jpg,9
000000000287.jpg,25
000000000694.jpg,3
000000000308.jpg,4
000000002320.jpg,20
000000000749.jpg,8
000000002815.jpg,1
000000001239.jpg,11
000000000908.jpg,14
000000001880.jpg,12
000000002380.jpg,2
000000001406.jpg,12
000000002494.jpg,13
000000000970.jpg,3
000000000013.jpg,4
000000000873.jpg,4
000000000808.jpg,16
000000002578.jpg,8
000000000514.jpg,13
000000002413.jpg,12
000000000409.jpg,7
000000002833.jpg,4
000000002259.jpg,16
000000002823.jpg,4
000000001225.jpg,2
000000001655.jpg,8
000000001610.jpg,6
000000000382.jpg,9
000000002106.jpg,16
000000002187.jpg,9
000000001621.jpg,15
000000002831.jpg,11
000000000552.jpg,1
000000000222.jpg,14
000000001096.jpg,10
000000002754.jpg,5
000000000008.jpg,17
000000001476.jpg,7
000000000316.jpg,17
000000000427.jpg,9
000000001985.jpg,9
000000000105.jpg,11
000000002015.jpg,9
000000000142.jpg,7
000000000121.jpg,4
000000002371.jpg,6
000000002865.jpg,13
000000001189.jpg,5
000000002961.jpg,9
000000002600.jpg,5
000000001657.jpg,12
000000000115.jpg,12
000000001405.jpg,9
000000001511.jpg,12
000000002492.jpg,9
000000002797.jpg,11
000000002948.jpg,2
000000001596.jpg,3
000000002889.jpg,7
000000000672.jpg,12
000000001431.jpg,3
000000002172.jpg,10
000000000591.jpg,7
000000001402.jpg,3
000000000888.jpg,14
000000001754.jpg,14
000000001366.jpg,10
000000002396.jpg,5
000000000213.jpg,9
000000002007.jpg,10
000000002148.jpg,20
000000000800.jpg,13
000000002480.jpg,3
000000002439.jpg,7
000000002283.jpg,5
000000002662.jpg,3
000000002711.jpg,12
000000000273.jpg,5
000000000071.jpg,3
000000001789.jpg,12
000000001087.jpg,1
000000000394.jpg,1
000000000583.jpg,3
000000002080.jpg,4
000000001980.jpg,14
000000000500.jpg,8
000000002014.jpg,8
000000002223.jpg,5
000000002979.jpg,3
000000002740.jpg,1
000000002318.jpg,1
000000001259.jpg,12
000000001742.jpg,11
000000000205.jpg,9
000000000733.jpg,7
000000002502.jpg,13
000000000526.jpg,11
000000001375.jpg,8
000000000898.jpg,19
000000000377.jpg,2
000000001726.jpg,7
000000002682.jpg,6
000000002722.jpg,11
000000000386.jpg,9
000000000198.jpg,7
000000001050.jpg,4
000000000590.jpg,5
000000000519.jpg,3
000000002950.jpg,15
000000000429.jpg,4
000000001083.jpg,8
000000000207.jpg,2
000000000491.jpg,19
000000001609.jpg,15
000000002912.jpg,4
000000000792.jpg,18
000000002019.jpg,13
000000001186.jpg,11
000000001185.jpg,9
000000002181.jpg,16
000000001340.jpg,15
000000002232.jpg,6
000000000083.jpg,5
000000002369.jpg,6
000000002226.jpg,1
000000000020.jpg,8
000000001378.jpg,3
000000001558.jpg,5
000000001938.jpg,13
000000002837.jpg,11
000000001937.jpg,2
000000000973.jpg,11
000000002789.jpg,2
000000000883.jpg,13
000000001098.jpg,2
000000000156.jpg,8
000000002276.jpg,6
000000000886.jpg,11
000000002998.jpg,9
000000001591.jpg,11
000000002478.jpg,6
000000002717.jpg,3
000000002534.jpg,22
000000002117.jpg,8
000000001472.jpg,16
000000002648.jpg,2
000000000458.jpg,2
000000002498.jpg,10
000000000078.jpg,3
000000002914.jpg,19
000000001056.jpg,16
000000000906.jpg,14
000000001563.jpg,7
000000002426.jpg,3
000000002696.jpg,1
000000000380.jpg,4
000000000947.jpg,6
000000001712.jpg,7
000000002756.jpg,7
000000000715.jpg,16
000000001913.jpg,8
000000000686.jpg,11
000000002670.jpg,12
000000001293.jpg,13
000000000305.jpg,17
000000000209.jpg,12
000000002011.jpg,1
000000002221.jpg,6
000000002975.jpg,19
000000001537.jpg,9
000000000885.jpg,14
000000001859.jpg,1
000000000917.jpg,23
000000001886.jpg,12
000000001660.jpg,22
000000000191.jpg,5
000000001747.jpg,5
000000002131.jpg,3
000000001265.jpg,14
000000000483.jpg,1
000000000915.jpg,11
000000002599.jpg,4
000000000277.jpg,11
000000000988.jpg,19
000000001987.jpg,6
000000001894.jpg,12
000000001869.jpg,4
000000000571.jpg,12
000000000993.jpg,11
000000002795.jpg,3
000000002946.jpg,8
000000000585.jpg,11
000000002328.jpg,7
000000002993.jpg,11
000000001349.jpg,3
000000002900.jpg,15
000000000674.jpg,13
000000002590.jpg,6
000000000855.jpg,11
000000000447.jpg,4
000000001419.jpg,13
000000002229.jpg,3
000000001616.jpg,9
000000002258.jpg,7
000000002821.jpg,5
000000002753.jpg,6
000000001716.jpg,2
000000002671.jpg,9
000000001247.jpg,13
000000000294.jpg,22
000000000588.jpg,2
000000001281.jpg,11
000000001422.jpg,7
000000002349.jpg,9
000000001426.jpg,4
000000002252.jpg,16
000000000425.jpg,6
000000000534.jpg,15
000000001054.jpg,11
000000001864.jpg,14
000000002504.jpg,14
000000001425.jpg,1
000000000132.jpg,9
000000001837.jpg,7
000000001825.jpg,6
000000000421.jpg,9
000000002658.jpg,3
000000002028.jpg,1
000000002989.jpg,4
000000001368.jpg,13
000000000556.jpg,3
000000002043.jpg,7
000000001486.jpg,10
000000002679.jpg,13
000000000570.jpg,5
000000000352.jpg,5
000000000091.jpg,3
000000002562.jpg,3
000000002533.jpg,24
000000001170.jpg,5
000000002248.jpg,11
000000001285.jpg,7
000000001702.jpg,3
000000001468.jpg,7
000000001907.jpg,6
000000001477.jpg,4
000000000697.jpg,21
000000002506.jpg,18
000000000348.jpg,1
000000001644.jpg,10
000000002346.jpg,10
000000002431.jpg,15
000000002168.jpg,1
000000001137.jpg,11
000000001797.jpg,13
000000001544.jpg,1
000000002836.jpg,1
000000002820.jpg,6
000000001339.jpg,11
000000002490.jpg,3
000000000453.jpg,11
000000000913.jpg,1
000000001199.jpg,13
000000001274.jpg,1
000000001866.jpg,4
000000000037.jpg,21
000000000974.jpg,6
000000002770.jpg,6
000000000983.jpg,4
000000001805.jpg,8
000000001961.jpg,6
000000001418.jpg,15
000000001284.jpg,4
000000000039.jpg,8
000000002540.jpg,11
000000000169.jpg,11
000000001355.jpg,7
000000000737.jpg,6
000000001590.jpg,4
000000002699.jpg,15
000000001897.jpg,12
000000000634.jpg,15
000000002647.jpg,11
000000001918.jpg,12
000000001290.jpg,5
000000001380.jpg,9
000000000579.jpg,13
000000000328.jpg,10
000000001642.jpg,5
000000000892.jpg,1
000000001849.jpg,10
000000000780.jpg,13
000000000159.jpg,9
000000001545.jpg,14
000000001933.jpg,16
000000002978.jpg,3
000000000061.jpg,10
000000000849.jpg,1
000000002129.jpg,5
000000002892.jpg,4
000000001043.jpg,7
000000002496.jpg,12
000000002260.jpg,21
000000002121.jpg,11
000000001070.jpg,2
000000000053.jpg,1
000000000258.jpg,9
000000000505.jpg,2
000000000752.jpg,18
000000001978.jpg,7
000000002947.jpg,6
000000002410.jpg,5
000000001517.jpg,11
000000002997.jpg,16
000000002273.jpg,4
000000001389.jpg,1
000000001266.jpg,1
000000002466.jpg,9
000000001711.jpg,23
000000000771.jpg,22
000000002802.jpg,1
000000001807.jpg,12
000000002685.jpg,3
000000001085.jpg,16
000000002257.jpg,9
000000001532.jpg,11
000000001325.jpg,7
000000002119.jpg,3
000000001812.jpg,18
000000001714.jpg,11
000000002034.jpg,18
000000002423.jpg,1
000000002434.jpg,9
000000001681.jpg,3
000000002227.jpg,11
000000001163.jpg,2
000000000963.jpg,12
000000002902.jpg,2
000000001662.jpg,15
000000000398.jpg,13
000000000584.jpg,15
000000000948.jpg,6
000000000704.jpg,7
000000000431.jpg,12
000000000292.jpg,9
000000000145.jpg,3
000000000323.jpg,1
000000002108.jpg,8
000000001165.jpg,4
000000001452.jpg,4
000000000002.jpg,15
000000000576.jpg,5
000000002657.jpg,2
000000000339.jpg,2
000000002539.jpg,11
000000002935.jpg,2
000000000925.jpg,11
000000000265.jpg,9
000000000376.jpg,7
000000002022.jpg,3
000000001463.jpg,5
000000000271.jpg,5
000000000696.jpg,5
000000002973.jpg,1
000000000244.jpg,14
000000002813.jpg,16
000000000476.jpg,18
000000002785.jpg,6
000000002843.jpg,9
000000002298.jpg,1
000000002448.jpg,10
000000002783.jpg,10
000000002953.jpg,2
000000002982.jpg,6
000000002159.jpg,3
000000000250.jpg,3
000000000413.jpg,12
000000000545.jpg,1
000000001193.jpg,1
000000000738.jpg,1
000000000310.jpg,16
000000001979.jpg,11
000000000893.jpg,15
000000001131.jpg,16
000000001449.jpg,12
000000002907.jpg,3
000000000015.jpg,11
000000001950.jpg,14
000000000721.jpg,15
000000001420.jpg,9
000000002633.jpg,9
000000000981.jpg,1
000000001874.jpg,5
000000001539.jpg,10
000000002530.jpg,5
000000001550.jpg,9
000000002422.jpg,6
000000000363.jpg,10
000000002768.jpg,7
000000000182.jpg,6
000000000985.jpg,12
000000001990.jpg,2
000000001194.jpg,11
000000001769.jpg,1
000000001675.jpg,7
000000001121.jpg,5
000000000187.jpg,1
000000000619.jpg,11
000000001612.jpg,5
000000001175.jpg,1
000000001182.jpg,15
000000002384.jpg,6
000000002715.jpg,1
000000000614.jpg,11
000000001513.jpg,14
000000001466.jpg,3
000000000401.jpg,3
000000000994.jpg,1
000000000934.jpg,1
000000000371.jpg,15
000000001922.jpg,15
000000002306.jpg,1
000000000593.jpg,3
000000001910.jpg,7
000000000726.jpg,14
000000000826.jpg,3
000000001674.jpg,24
000000000687.jpg,13
000000002215.jpg,16
000000000136.jpg,2
000000002764.jpg,12
000000000628.jpg,1
000000000334.jpg,4
000000000390.jpg,13
000000002309.jpg,1
000000001109.jpg,16
000000001737.jpg,12
000000002698.jpg,3
000000000710.jpg,12
000000001039.jpg,15
000000002714.jpg,1
000000001850.jpg,19
000000002595.jpg,8
000000001561.jpg,19
000000002757.jpg,2
000000001594.jpg,6
000000002750.jpg,12
000000001112.jpg,2
000000000465.jpg,1
000000001560.jpg,1
000000001223.jpg,8
000000001953.jpg,5
000000002966.jpg,10
000000002348.jpg,9
000000001508.jpg,2
000000001104.jpg,2
000000001988.jpg,17
000000000338.jpg,4
000000000215.jpg,14
000000001615.jpg,17
000000001916.jpg,13
000000002514.jpg,7
000000002804.jpg,9
000000001592.jpg,14
000000002240.jpg,10
000000001684.jpg,2
000000002522.jpg,16
000000000816.jpg,6
000000001067.jpg,8
000000002003.jpg,6
000000000274.jpg,14
000000002244.jpg,12
000000000865.jpg,5
000000000101.jpg,2
000000001501.jpg,11
000000002149.jpg,9
000000000171.jpg,1
000000000107.jpg,3
000000001862.jpg,6
000000001521.jpg,11
000000002987.jpg,6
000000002202.jpg,13
000000002054.jpg,4
000000001764.jpg,5
000000002033.jpg,25
000000001962.jpg,11
000000002250.jpg,2
000000002340.jpg,10
000000002575.jpg,1
000000001924.jpg,9
000000000295.jpg,4
000000000712.jpg,7
000000000072.jpg,14
000000001952.jpg,15
000000002269.jpg,10
000000002561.jpg,8
000000002885.jpg,14
000000000481.jpg,7
000000002218.jpg,5
000000001530.jpg,5
000000002115.jpg,3
000000001514.jpg,6
000000002960.jpg,9
000000001490.jpg,13
000000001171.jpg,9
000000002452.jpg,7
000000002429.jpg,4
000000002073.jpg,2
000000002216.jpg,19
000000002271.jpg,14
000000000405.jpg,3
000000000757.jpg,16
000000001956.jpg,3
000000002184.jpg,1
000000001951.jpg,1
000000000097.jpg,2
000000001333.jpg,15
000000002389.jpg,1
000000000743.jpg,6
000000000806.jpg,10
000000002769.jpg,12
000000001896.jpg,3
000000002499.jpg,14
000000001535.jpg,11
000000002050.jpg,7
000000002010.jpg,15
000000000148.jpg,2
000000002554.jpg,3
000000002053.jpg,7
000000001902.jpg,1
000000001315.jpg,14
000000000692.jpg,8
000000000818.jpg,3
000000001728.jpg,1
000000001386.jpg,16
000000002281.jpg,3
000000002733.jpg,10
000000001599.jpg,2
000000002610.jpg,10
000000002457.jpg,1
000000000701.jpg,13
000000001878.jpg,10
000000002656.jpg,13
000000000921.jpg,14
000000001424.jpg,19
000000001708.jpg,12
000000000905.jpg,3
000000000454.jpg,4
000000002185.jpg,15
000000002304.jpg,16
000000001771.jpg,3
000000000167.jpg,1
000000000730.jpg,4
000000002188.jpg,7
000000001310.jpg,7
000000000026.jpg,16
000000002059.jpg,6
000000001652.jpg,3
000000001622.jpg,6
000000000587.jpg,10
000000002016.jpg,12
000000000997.jpg,12
000000001176.jpg,13
000000001700.jpg,11
000000001040.jpg,5
000000000033.jpg,8
000000001809.jpg,1
000000002626.jpg,8
000000001379.jpg,7
000000000041.jpg,2
000000001791.jpg,13
000000002189.jpg,14
000000002606.jpg,12
000000001972.jpg,11
000000002289.jpg,14
000000001925.jpg,9
000000000609.jpg,18
000000001132.jpg,8
000000000028.jpg,11
000000000441.jpg,6
000000002355.jpg,9
000000002798.jpg,3
000000000493.jpg,9
000000001258.jpg,11
000000001301.jpg,7
000000002365.jpg,3
000000001382.jpg,7
000000001304.jpg,10
000000000236.jpg,1
000000000551.jpg,8
000000000520.jpg,3
000000002446.jpg,8
000000001232.jpg,10
000000001138.jpg,9
000000000720.jpg,11
000000000735.jpg,1
000000002653.jpg,10
000000001750.jpg,10
000000000058.jpg,7
000000000631.jpg,11
000000001181.jpg,2
000000002203.jpg,3
000000000592.jpg,6
000000001303.jpg,1
000000001387.jpg,18
000000002615.jpg,9
000000002630.jpg,13
000000001845.jpg,1
000000000939.jpg,1
000000002788.jpg,8
000000001249.jpg,9
000000000904.jpg,16
000000002543.jpg,7
000000001279.jpg,2
000000002402.jpg,2
000000002959.jpg,1
000000002126.jpg,8
000000002387.jpg,3
000000002042.jpg,10
000000001142.jpg,24
000000002381.jpg,9
000000000706.jpg,5
000000002641.jpg,20
000000001022.jpg,12
000000000745.jpg,5
000000001546.jpg,15
000000002357.jpg,15
000000002046.jpg,3
000000000513.jpg,4
000000000081.jpg,6
000000002661.jpg,13
000000001308.jpg,2
000000002495.jpg,4
000000000914.jpg,5
000000001404.jpg,2
000000001647.jpg,8
000000002760.jpg,4
000000001108.jpg,18
000000000150.jpg,5
000000002726.jpg,8
000000000774.jpg,2
000000000329.jpg,3
000000000006.jpg,2
000000000943.jpg,2
000000000822.jpg,7
000000000734.jpg,12
000000000909.jpg,13
000000000468.jpg,21
000000000181.jpg,2
000000000164.jpg,3
000000001523.jpg,13
000000000451.jpg,8
000000000490.jpg,10
000000002004.jpg,3
000000001143.jpg,15
000000001311.jpg,6
000000002242.jpg,17
000000001111.jpg,5
000000002854.jpg,13
000000001977.jpg,10
000000001441.jpg,11
000000001889.jpg,13
000000001006.jpg,5
000000001627.jpg,6
000000001632.jpg,1
000000001074.jpg,13
000000000578.jpg,11
000000002727.jpg,13
000000002345.jpg,3
000000002263.jpg,4
000000002302.jpg,9
000000000327.jpg,10
000000001790.jpg,6
000000000442.jpg,10
000000001858.jpg,4
000000002170.jpg,4
000000002832.jpg,6
000000000832.jpg,21
000000002374.jpg,3
000000002103.jpg,1
000000001414.jpg,1
000000001201.jpg,8
000000002314.jpg,4
000000001499.jpg,11
000000002877.jpg,4
000000000086.jpg,1
000000001403.jpg,8
000000002926.jpg,1
000000001481.jpg,6
000000000777.jpg,1
000000000799.jpg,1
000000001666.jpg,9
000000000054.jpg,10
000000002362.jpg,6
000000001287.jpg,1
000000001667.jpg,17
000000002586.jpg,8
000000002154.jpg,8
000000001701.jpg,8
000000001245.jpg,23
000000000113.jpg,5
000000002806.jpg,2
000000000987.jpg,6
000000000501.jpg,13
000000002891.jpg,19
000000001009.jpg,5
000000001198.jpg,15
000000001394.jpg,13
000000000589.jpg,13
000000000768.jpg,15
000000000017.jpg,2
000000001042.jpg,13
000000001447.jpg,13
000000002463.jpg,4
000000000285.jpg,16
000000002638.jpg,3
000000000428.jpg,6
000000001328.jpg,3
000000001948.jpg,3
000000000669.jpg,14
000000000031.jpg,5
000000001341.jpg,6
000000000722.jpg,14
000000000951.jpg,6
000000001914.jpg,14
000000002293.jpg,8
000000000214.jpg,11
000000000989.jpg,16
000000001164.jpg,14
000000002792.jpg,13
000000002005.jpg,7
000000000326.jpg,1
000000000560.jpg,5
000000001383.jpg,1
000000001724.jpg,3
000000001086.jpg,1
000000002683.jpg,15
000000000341.jpg,12
000000001653.jpg,4
000000000147.jpg,8
000000002339.jpg,4
000000002412.jpg,1
000000001107.jpg,16
000000000848.jpg,14
000000000966.jpg,1
000000001072.jpg,19
000000002464.jpg,2
000000001905.jpg,12
000000000155.jpg,11
000000000665.jpg,16
000000000661.jpg,10
000000001002.jpg,12
000000002341.jpg,11
000000002516.jpg,16
000000000176.jpg,6
000000002654.jpg,4
000000001879.jpg,17
000000001524.jpg,13
000000002817.jpg,17
000000001203.jpg,8
000000000024.jpg,5
000000002810.jpg,17
000000002809.jpg,10
000000002077.jpg,5
000000002299.jpg,18
000000000875.jpg,3
000000002899.jpg,13
000000000938.jpg,5
000000002697.jpg,4
000000001552.jpg,12
000000000346.jpg,3
000000002507.jpg,2
000000002971.jpg,2
000000002037.jpg,1
000000001926.jpg,6
000000000385.jpg,7
000000001829.jpg,6
000000002161.jpg,14
000000002508.jpg,5
000000002196.jpg,11
000000000243.jpg,10
000000002086.jpg,1
000000001826.jpg,6
000000000936.jpg,5
000000001689.jpg,2
000000002580.jpg,12
000000000312.jpg,7
000000001459.jpg,10
000000002925.jpg,15
000000002107.jpg,11
000000001332.jpg,7
000000000968.jpg,2
000000001454.jpg,1
000000000660.jpg,15
000000001934.jpg,14
000000000935.jpg,14
000000000370.jpg,10
000000000566.jpg,19
000000001973.jpg,8
000000001854.jpg,4
000000001024.jpg,3
000000000824.jpg,7
000000000982.jpg,7
000000002672.jpg,12
000000002956.jpg,1
000000001645.jpg,4
000000002582.jpg,8
000000002245.jpg,3
000000002118.jpg,11
000000000813.jpg,13
000000001792.jpg,5
000000001430.jpg,8
000000000778.jpg,3
000000001749.jpg,6
000000001320.jpg,8
000000002399.jpg,8
000000002871.jpg,1
000000001052.jpg,5
000000002321.jpg,1
000000001013.jpg,1
000000001928.jpg,6
000000001401.jpg,4
000000001822.jpg,1
000000002247.jpg,17
000000002493.jpg,4
000000002591.jpg,10
000000000126.jpg,1
000000002091.jpg,10
000000002134.jpg,21
000000000887.jpg,12
000000002456.jpg,5
000000001347.jpg,4
000000001007.jpg,15
000000000355.jpg,9
000000001003.jpg,5
000000001483.jpg,4
000000000682.jpg,17
000000000827.jpg,3
000000002850.jpg,9
000000002204.jpg,13
000000002691.jpg,22
000000000984.jpg,3
000000001233.jpg,15
000000002553.jpg,1
000000001639.jpg,10
000000000140.jpg,11
000000000217.jpg,9
000000002465.jpg,12
000000000362.jpg,16
000000002664.jpg,7
000000000345.jpg,9
000000002058.jpg,11
000000000022.jpg,12
000000000711.jpg,1
000000002949.jpg,11
000000000010.jpg,6
000000002416.jpg,5
000000001834.jpg,3
000000000793.jpg,18
000000002765.jpg,9
000000000094.jpg,8
000000000129.jpg,12
000000001900.jpg,1
000000002409.jpg,6
000000001932.jpg,6
000000002669.jpg,16
000000001865.jpg,8
000000001658.jpg,8
000000000516.jpg,20
000000001857.jpg,17
000000001277.jpg,1
000000000950.jpg,1
000000001120.jpg,2
000000000419.jpg,13
000000000922.jpg,2
000000002728.jpg,11
000000000477.jpg,5
000000002035.jpg,5
000000002177.jpg,2
000000001692.jpg,3
000000002212.jpg,4
000000001471.jpg,1
000000001202.jpg,13
000000001669.jpg,9
000000002774.jpg,13
000000001970.jpg,1
000000000820.jpg,9
000000001997.jpg,5
000000002868.jpg,14
000000001248.jpg,22
000000002872.jpg,3
000000002649.jpg,4
000000001046.jpg,4
000000001888.jpg,9
000000000615.jpg,12
000000001318.jpg,5
000000002884.jpg,12
000000002460.jpg,10
000000001772.jpg,13
000000002951.jpg,9
000000000131.jpg,1
000000000077.jpg,10
000000002052.jpg,1
000000000724.jpg,12
000000001314.jpg,4
000000001851.jpg,17
000000002296.jpg,4
000000002486.jpg,10
000000001372.jpg,3
000000001855.jpg,17
000000001319.jpg,5
000000002874.jpg,14
000000002171.jpg,10
000000000375.jpg,14
000000001908.jpg,4
000000000333.jpg,9
000000002251.jpg,1
000000002736.jpg,14
000000001604.jpg,15
000000001118.jpg,5
000000002828.jpg,8
000000001943.jpg,16
000000002261.jpg,13
000000002549.jpg,1
000000001342.jpg,10
000000000320.jpg,18
000000001619.jpg,8
000000002447.jpg,11
000000002060.jpg,1
000000001673.jpg,10
000000001942.jpg,1
000000000260.jpg,10
000000002354.jpg,2
000000002039.jpg,6
000000000689.jpg,10
000000000901.jpg,9
000000002026.jpg,2
000000000138.jpg,9
000000001917.jpg,11
000000001828.jpg,4
000000001573.jpg,17
000000000319.jpg,14
000000000653.jpg,12
000000002137.jpg,2
000000002322.jpg,1
000000000558.jpg,1
000000000112.jpg,15
000000000531.jpg,7
000000000224.jpg,9
000000000723.jpg,8
000000002428.jpg,10
000000002570.jpg,2
000000001433.jpg,15
000000002329.jpg,17
000000001458.jpg,3
000000002701.jpg,12
000000000846.jpg,18
000000000193.jpg,10
000000001464.jpg,14
000000000946.jpg,8
000000002021.jpg,8
000000001629.jpg,8
000000000117.jpg,7
000000000645.jpg,14
000000001870.jpg,15
000000000003.jpg,10
000000000074.jpg,7
000000001755.jpg,15
000000000467.jpg,27
000000000005.jpg,3
000000001246.jpg,3
000000000919.jpg,14
000000000228.jpg,3
000000001063.jpg,10
000000000242.jpg,10
000000002279.jpg,15
000000001160.jpg,7
000000002513.jpg,5
000000001526.jpg,9
000000001605.jpg,12
000000002784.jpg,3
000000002666.jpg,1
000000002665.jpg,6
000000001989.jpg,18
000000002609.jpg,8
000000001975.jpg,2
000000001761.jpg,10
000000001305.jpg,12
000000001541.jpg,8
000000000622.jpg,2
000000002313.jpg,2
000000001493.jpg,13
000000000110.jpg,3
000000002487.jpg,3
000000001169.jpg,4
000000002461.jpg,1
000000000232.jpg,11
000000000066.jpg,5
000000002707.jpg,13
000000002072.jpg,4
000000002192.jpg,15
000000000536.jpg,8
000000000125.jpg,4
000000002133.jpg,5
000000001254.jpg,3
000000002484.jpg,1
000000001976.jpg,7
000000002462.jpg,12
000000002488.jpg,7
000000002075.jpg,7
000000000484.jpg,2
000000001654.jpg,2
000000002676.jpg,8
000000002550.jpg,18
000000002405.jpg,13
000000001774.jpg,8
000000000918.jpg,14
000000001646.jpg,9
000000001026.jpg,7
000000001030.jpg,2
000000000882.jpg,10
000000001335.jpg,15
000000002222.jpg,17
000000000364.jpg,15
000000002125.jpg,12
000000000027.jpg,6
000000000473.jpg,5
000000000525.jpg,3
000000000725.jpg,7
000000000055.jpg,4
000000000638.jpg,12
000000000302.jpg,5
000000002608.jpg,5
000000001276.jpg,2
000000002635.jpg,4
000000000624.jpg,14
000000002055.jpg,8
000000001280.jpg,1
000000001049.jpg,13
000000000336.jpg,4
000000000047.jpg,14
000000000106.jpg,14
000000001079.jpg,8
000000001144.jpg,8
000000002440.jpg,6
000000001836.jpg,8
000000001753.jpg,6
000000001101.jpg,2
000000001968.jpg,17
000000000523.jpg,12
000000001428.jpg,10
000000002607.jpg,5
000000000603.jpg,10
000000001489.jpg,7
000000002351.jpg,5
000000000060.jpg,19
000000002749.jpg,6
000000000671.jpg,15
000000000092.jpg,14
000000000666.jpg,18
000000001887.jpg,1
000000000280.jpg,6
000000001719.jpg,6
000000000359.jpg,2
000000000899.jpg,13
000000001935.jpg,15
000000001994.jpg,10
000000002312.jpg,10
000000000760.jpg,11
000000002158.jpg,8
000000002622.jpg,10
000000000042.jpg,13
000000002173.jpg,9
000000000204.jpg,4
000000001473.jpg,6
000000002100.jpg,12
000000000068.jpg,13
000000001875.jpg,10
000000002379.jpg,12
000000002231.jpg,18
000000000137.jpg,11
000000000796.jpg,16
000000002180.jpg,6
000000002128.jpg,10
000000000758.jpg,13
000000000541.jpg,5
000000001019.jpg,4
000000002288.jpg,10
000000000165.jpg,15
000000000248.jpg,6
000000001331.jpg,14
000000002017.jpg,11
000000000446.jpg,3
000000001358.jpg,1
000000002145.jpg,3
000000001329.jpg,8
000000002910.jpg,15
000000002150.jpg,16
000000000434.jpg,11
000000002122.jpg,1
000000000577.jpg,17
000000002984.jpg,2
000000002741.jpg,3
000000001848.jpg,10
000000000762.jpg,10
000000000388.jpg,2
000000000235.jpg,2
000000002605.jpg,4
000000001984.jpg,11
000000000267.jpg,11
000000000770.jpg,13
000000002165.jpg,13
000000000437.jpg,15
000000000673.jpg,31
000000000249.jpg,13
000000002201.jpg,3
000000001574.jpg,14
000000002142.jpg,5
000000002081.jpg,6
000000002617.jpg,6
000000002903.jpg,2
000000002739.jpg,8
000000000448.jpg,5
000000001469.jpg,2
000000000716.jpg,4
000000002398.jpg,11
000000002614.jpg,6
000000002048.jpg,3
000000001901.jpg,12
000000001168.jpg,10
000000000082.jpg,10
000000002424.jpg,15
000000001460.jpg,3
000000001893.jpg,6
000000001668.jpg,3
000000002000.jpg,4
000000000475.jpg,8
000000000517.jpg,7
000000000404.jpg,3
000000000384.jpg,10
000000002981.jpg,3
000000002152.jpg,20
000000001633.jpg,3
000000002859.jpg,13
000000000688.jpg,5
000000001240.jpg,8
000000000062.jpg,10
000000000852.jpg,8
000000002751.jpg,9
000000002476.jpg,9
000000001262.jpg,16
000000000223.jpg,5
000000002193.jpg,4
000000000373.jpg,8
000000001824.jpg,7
000000002536.jpg,11
000000002869.jpg,16
000000002597.jpg,10
000000002684.jpg,11
000000000009.jpg,2
000000001944.jpg,1
000000001838.jpg,8
000000000708.jpg,4
000000000255.jpg,11
000000001617.jpg,2
000000000389.jpg,1
000000001581.jpg,8
000000000924.jpg,18
000000002036.jpg,14
000000002403.jpg,9
000000001224.jpg,6
000000001946.jpg,8
000000000739.jpg,12
000000000040.jpg,8
000000000868.jpg,3
000000000539.jpg,1
000000002510.jpg,2
000000001371.jpg,2
000000001145.jpg,7
000000001031.jpg,16
000000000372.jpg,15
000000000667.jpg,2
000000000357.jpg,17
000000000967.jpg,1
000000001353.jpg,2
000000001035.jpg,17
000000000470.jpg,5
000000001396.jpg,8
000000002620.jpg,11
000000001549.jpg,18
000000001256.jpg,1
000000002094.jpg,9
000000001555.jpg,5
000000002589.jpg,1
000000001250.jpg,6
000000001699.jpg,8
000000001252.jpg,14
000000002780.jpg,13
000000000079.jpg,12
000000001172.jpg,5
000000000814.jpg,15
000000001852.jpg,17
000000002220.jpg,1
000000002628.jpg,4
000000002105.jpg,9
000000000133.jpg,10
000000001140.jpg,5
000000000933.jpg,4
000000000928.jpg,9
000000000823.jpg,4
000000001531.jpg,5
000000001214.jpg,1
000000000504.jpg,1
000000002964.jpg,2
000000002395.jpg,7
000000001996.jpg,17
000000001958.jpg,3
000000001384.jpg,24
000000000894.jpg,14
000000000828.jpg,6
000000002920.jpg,6
000000001683.jpg,1
000000002574.jpg,1
000000002969.jpg,13
000000002512.jpg,13
000000000652.jpg,3
000000000172.jpg,13
000000000038.jpg,13
000000002860.jpg,14
000000000713.jpg,6
000000000090.jpg,8
000000002954.jpg,7
000000001205.jpg,10
000000002585.jpg,3
000000001827.jpg,11
000000001155.jpg,5
000000001324.jpg,12
000000000216.jpg,16
000000000510.jpg,10
000000001680.jpg,20
000000000499.jpg,11
000000002548.jpg,8
000000001856.jpg,2
000000001388.jpg,4
000000001519.jpg,12
000000002386.jpg,15
000000002721.jpg,1
000000002076.jpg,8
000000001540.jpg,15
000000001217.jpg,2
000000001416.jpg,11
000000002217.jpg,18
000000002621.jpg,9
000000001676.jpg,11
000000001197.jpg,2
000000001542.jpg,11
000000000953.jpg,1
000000000750.jpg,10
000000000234.jpg,1
000000000732.jpg,17
000000002992.jpg,14
000000001156.jpg,7
000000002573.jpg,3
000000002445.jpg,19
000000001209.jpg,13
000000001065.jpg,11
000000002156.jpg,10
000000001062.jpg,7
000000001167.jpg,7
000000001492.jpg,4
000000002474.jpg,4
000000000884.jpg,15
000000000143.jpg,6
000000002942.jpg,4
000000000850.jpg,1
000000000717.jpg,12
000000002864.jpg,6
000000000264.jpg,8
000000000075.jpg,14
000000000395.jpg,1
000000002545.jpg,9
000000002224.jpg,15
000000002799.jpg,8
000000000396.jpg,8
000000001365.jpg,23
000000002500.jpg,18
000000001903.jpg,14
000000000595.jpg,1
000000002109.jpg,8
000000001296.jpg,8
000000001821.jpg,1
000000000872.jpg,17
000000002911.jpg,8
000000002326.jpg,9
000000001548.jpg,13
000000000036.jpg,15
000000002526.jpg,7
000000002143.jpg,15
000000002940.jpg,18
000000000977.jpg,9
000000001571.jpg,14
000000001122.jpg,4
000000002239.jpg,10
000000001892.jpg,2
000000000675.jpg,10
000000000728.jpg,3
000000000412.jpg,17
000000001516.jpg,9
000000001649.jpg,2
000000000825.jpg,13
000000000616.jpg,17
000000000114.jpg,9
000000000417.jpg,7
000000001625.jpg,4
000000002939.jpg,1
000000000089.jpg,10
000000002082.jpg,9
000000000753.jpg,6
000000001630.jpg,6
000000000011.jpg,2
000000002444.jpg,5
000000000284.jpg,1
000000001066.jpg,4
000000001191.jpg,1
000000001440.jpg,14
000000002801.jpg,14
000000002800.jpg,6
000000002710.jpg,3
000000001568.jpg,16
000000002427.jpg,9
000000002577.jpg,18
000000001687.jpg,10
000000000851.jpg,1
000000002207.jpg,3
000000000895.jpg,3
000000000496.jpg,10
000000002305.jpg,16
000000001782.jpg,1
000000000335.jpg,18
000000000515.jpg,18
000000001348.jpg,11
000000001015.jpg,11
000000002808.jpg,16
000000002803.jpg,8
000000001781.jpg,3
000000001785.jpg,10
000000002070.jpg,5
000000000356.jpg,1
000000002852.jpg,1
000000001312.jpg,5
000000001635.jpg,9
000000000550.jpg,9
000000002388.jpg,2
000000002479.jpg,10
000000002521.jpg,6
000000002265.jpg,11
000000001227.jpg,10
000000002822.jpg,14
000000000957.jpg,2
000000001773.jpg,5
000000002141.jpg,8
000000001008.jpg,1
000000001092.jpg,12
000000002674.jpg,16
000000000996.jpg,11
000000001679.jpg,4
000000000153.jpg,13
000000002782.jpg,2
000000000580.jpg,10
000000001470.jpg,6
000000000703.jpg,11
000000001212.jpg,1
000000000896.jpg,6
000000000487.jpg,10
000000000559.jpg,4
000000001141.jpg,9
000000001119.jpg,9
000000000512.jpg,15
000000000633.jpg,13
000000002584.jpg,11
000000001664.jpg,1
000000001012.jpg,11
000000001931.jpg,10
000000001150.jpg,7
000000002805.jpg,25
000000000116.jpg,14
000000000740.jpg,11
000000002763.jpg,8
000000001974.jpg,5
000000001081.jpg,10
000000001810.jpg,5
000000000830.jpg,11
000000000119.jpg,16
000000000656.jpg,1
000000002732.jpg,7
000000002692.jpg,2
000000002932.jpg,4
000000000635.jpg,8
000000000369.jpg,12
000000000268.jpg,11
000000000046.jpg,8
000000000991.jpg,13
000000000876.jpg,13
000000000773.jpg,13
000000001219.jpg,4
000000001126.jpg,1
000000000004.jpg,1
000000001595.jpg,11
000000002311.jpg,12
000000002491.jpg,14
000000001077.jpg,7
000000000837.jpg,13
000000000681.jpg,11
000000001715.jpg,11
000000002352.jpg,2
000000002361.jpg,17
000000002197.jpg,5
000000001148.jpg,6
000000000574.jpg,9
000000000050.jpg,8
000000000853.jpg,12
000000001982.jpg,1
000000001823.jpg,3
000000000833.jpg,10
000000001115.jpg,1
000000001166.jpg,3
000000002518.jpg,8
000000001906.jpg,21
000000000971.jpg,3
000000000399.jpg,15
000000002559.jpg,1
000000002368.jpg,9
000000000019.jpg,4
000000000684.jpg,1
000000000035.jpg,1
000000002829.jpg,34
000000000524.jpg,9
000000002455.jpg,16
000000000920.jpg,8
000000001841.jpg,6
000000001890.jpg,13
000000000537.jpg,2
000000001705.jpg,14
000000002931.jpg,8
000000000245.jpg,1
000000000784.jpg,2
000000001409.jpg,20
000000002537.jpg,18
000000000154.jpg,16
000000001686.jpg,3
000000000625.jpg,16
000000002876.jpg,7
000000001346.jpg,8
000000000569.jpg,1
000000002933.jpg,1
000000001758.jpg,10
000000001816.jpg,8
000000002065.jpg,9
000000000127.jpg,13
000000002977.jpg,6
000000002006.jpg,16
000000000980.jpg,1
000000002974.jpg,10
000000000190.jpg,10
000000001139.jpg,5
000000000992.jpg,1
000000000699.jpg,1
000000000606.jpg,14
000000000180.jpg,4
000000000301.jpg,10
000000002544.jpg,2
000000002775.jpg,9
000000001060.jpg,7
000000002819.jpg,13
000000002878.jpg,6
000000002565.jpg,1
000000001069.jpg,1
000000002524.jpg,11
000000002205.jpg,10
000000001243.jpg,2
000000000016.jpg,13
000000002980.jpg,10
000000000546.jpg,8
000000000658.jpg,3
000000002704.jpg,11
000000002735.jpg,4
000000001504.jpg,14
000000000959.jpg,10
000000002331.jpg,15
000000000797.jpg,8
000000000225.jpg,5
000000002074.jpg,14
000000001799.jpg,7
000000002485.jpg,11
000000002962.jpg,16
000000002277.jpg,17
000000002085.jpg,10
000000001693.jpg,7
000000001045.jpg,2
000000000469.jpg,15
000000000954.jpg,5
000000002976.jpg,16
000000000639.jpg,4
000000002778.jpg,11
000000001218.jpg,8
000000001158.jpg,3
000000001415.jpg,4
000000002713.jpg,10
000000001527.jpg,4
000000002921.jpg,1
000000001300.jpg,4
000000002866.jpg,2
000000001603.jpg,8
000000000160.jpg,8
000000001704.jpg,7
000000000956.jpg,8
000000002915.jpg,1
000000000877.jpg,6
000000001919.jpg,7
000000001884.jpg,6
000000002200.jpg,10
000000000098.jpg,6
000000002827.jpg,6
000000002557.jpg,2
000000000253.jpg,2
000000000103.jpg,17
000000001445.jpg,13
000000001443.jpg,11
000000001648.jpg,3
000000000586.jpg,2
000000000627.jpg,11
000000001696.jpg,5
000000002101.jpg,6
000000002199.jpg,11
000000000403.jpg,13
000000001154.jpg,13
000000002255.jpg,14
000000001682.jpg,5
000000002056.jpg,8
000000002844.jpg,4
000000000452.jpg,15
000000002301.jpg,3
000000001327.jpg,1
000000002049.jpg,8
000000000880.jpg,15
000000002918.jpg,1
000000000623.jpg,15
000000002393.jpg,14
000000002772.jpg,1
000000001787.jpg,11
000000000262.jpg,16
000000001634.jpg,14
000000001438.jpg,13
000000002198.jpg,6
000000001969.jpg,16
000000002520.jpg,2
000000001802.jpg,1
000000000640.jpg,2
000000002385.jpg,11
000000002598.jpg,10
000000002830.jpg,11
000000001959.jpg,10
000000000488.jpg,16
000000001843.jpg,13
000000001734.jpg,3
000000000146.jpg,4
000000001534.jpg,1
000000001986.jpg,4
000000001369.jpg,12
000000002450.jpg,7
000000002936.jpg,3
000000000659.jpg,8
000000001794.jpg,10
000000002511.jpg,9
000000000186.jpg,6
000000001147.jpg,4
000000000608.jpg,15
000000002191.jpg,17
000000001930.jpg,9
000000000197.jpg,13
000000002327.jpg,12
000000000293.jpg,15
000000000766.jpg,13
000000000400.jpg,7
000000000122.jpg,9
000000000202.jpg,14
000000000835.jpg,14
000000002294.jpg,5
000000001439.jpg,7
000000001733.jpg,8
000000001695.jpg,3
000000002928.jpg,4
000000001707.jpg,5
000000002913.jpg,1
000000001153.jpg,7
000000001661.jpg,2
000000002432.jpg,6
000000001759.jpg,1
000000000854.jpg,16
000000001589.jpg,10
000000002267.jpg,5
000000000641.jpg,12
000000000001.jpg,12
000000002160.jpg,2
000000000698.jpg,12
000000001636.jpg,8
000000001291.jpg,2
000000002856.jpg,3
000000002489.jpg,16
000000001520.jpg,17
000000001853.jpg,11
000000001136.jpg,10
000000002898.jpg,14
000000001631.jpg,9
000000001998.jpg,2
000000000663.jpg,7
000000000683.jpg,1
000000001257.jpg,1
000000000317.jpg,5
000000000648.jpg,18
000000001434.jpg,5
000000001479.jpg,15
000000000709.jpg,14
000000001282.jpg,8
000000001768.jpg,14
000000000972.jpg,10
000000002675.jpg,16
000000002680.jpg,11
000000001306.jpg,9
000000001400.jpg,6
000000001408.jpg,3
000000002237.jpg,4
000000001496.jpg,11
000000002038.jpg,4
000000001529.jpg,9
000000001663.jpg,11
000000001354.jpg,5
000000002924.jpg,2
000000002944.jpg,2
000000001643.jpg,8
000000001051.jpg,6
000000000795.jpg,1
000000002693.jpg,15
000000001597.jpg,8
000000002604.jpg,5
000000002729.jpg,3
000000002625.jpg,25
000000001819.jpg,1
000000001722.jpg,6
000000001183.jpg,22
000000002572.jpg,2
000000001059.jpg,12
000000000540.jpg,4
000000001678.jpg,14
000000002796.jpg,7
000000002955.jpg,4
000000002532.jpg,6
000000001757.jpg,4
000000001923.jpg,12
000000000095.jpg,12
000000001020.jpg,6
000000000563.jpg,8
000000002790.jpg,8
000000000863.jpg,8
000000001484.jpg,15
000000001881.jpg,4
000000001038.jpg,1
000000000206.jpg,4
000000000392.jpg,14
000000002842.jpg,6
000000000870.jpg,19
000000000397.jpg,6
000000002814.jpg,5
000000002882.jpg,8
000000001028.jpg,2
000000002690.jpg,16
000000001485.jpg,10
000000002660.jpg,1
000000000960.jpg,2
000000001570.jpg,6
000000002773.jpg,15
000000001895.jpg,10
000000002731.jpg,11
000000002146.jpg,7
000000000804.jpg,7
000000001751.jpg,16
000000002454.jpg,8
000000000502.jpg,2
000000000779.jpg,10
000000001863.jpg,2
000000000200.jpg,14
000000002182.jpg,9
000000002088.jpg,10
000000002278.jpg,2
000000001796.jpg,11
000000000378.jpg,8
000000002336.jpg,7
000000000418.jpg,3
000000001698.jpg,8
000000000391.jpg,11
000000002640.jpg,6
000000001522.jpg,9
000000001162.jpg,2
000000001495.jpg,9
000000002695.jpg,14
000000002027.jpg,8
000000001152.jpg,4
000000001367.jpg,14
000000002568.jpg,7
000000000064.jpg,13
000000002062.jpg,5
000000001180.jpg,7
000000000492.jpg,1
000000000379.jpg,11
000000002235.jpg,7
000000000763.jpg,14
000000002264.jpg,4
000000000791.jpg,13
000000001076.jpg,17
000000000878.jpg,14
000000000337.jpg,6
000000002767.jpg,6
000000002343.jpg,14
000000001016.jpg,5
000000001275.jpg,10
000000000455.jpg,17
000000000815.jpg,19
000000002317.jpg,5
000000000995.jpg,19
000000001981.jpg,8
000000000201.jpg,5
000000000161.jpg,7
000000001579.jpg,15
000000002777.jpg,7
000000002449.jpg,8
000000000702.jpg,11
000000001500.jpg,10
000000001129.jpg,11
000000002613.jpg,13
000000001021.jpg,1
000000001585.jpg,10
000000001955.jpg,2
000000002253.jpg,2
000000000034.jpg,4
000000000775.jpg,10
000000002556.jpg,10
000000001478.jpg,1
000000001390.jpg,9
000000002139.jpg,4
000000001363.jpg,7
000000002612.jpg,6
000000002824.jpg,1
000000002041.jpg,2
000000000241.jpg,11
000000002061.jpg,5
000000002363.jpg,6
000000000600.jpg,10
000000002435.jpg,1
000000001297.jpg,4
000000002214.jpg,4
000000002888.jpg,4
000000002068.jpg,13
000000000646.jpg,8
000000001528.jpg,15
000000002879.jpg,4
000000001267.jpg,7
000000001899.jpg,3
000000000562.jpg,5
000000002734.jpg,20
000000000189.jpg,6
000000001806.jpg,2
000000000975.jpg,2
000000002747.jpg,4
000000002047.jpg,14
000000002558.jpg,3
000000001082.jpg,13
000000000474.jpg,18
000000002904.jpg,17
000000000747.jpg,13
000000002300.jpg,3
000000000021.jpg,13
000000000459.jpg,14
000000001184.jpg,13
000000002324.jpg,7
000000000955.jpg,14
000000001215.jpg,4
000000002433.jpg,9
000000002853.jpg,1
000000001515.jpg,6
000000002391.jpg,11
000000000769.jpg,8
000000001685.jpg,10
000000000130.jpg,13
000000002919.jpg,7
000000002135.jpg,10
000000001482.jpg,10
000000000330.jpg,3
000000001238.jpg,5
000000000466.jpg,14
000000002169.jpg,14
000000001638.jpg,11
000000001095.jpg,16
000000001130.jpg,8
000000001294.jpg,8
000000000860.jpg,4
